title:公共图书馆数数据,unit:个,,year,北京市,上海市,重庆市,天津市,西安市,成都市,昆明市,长春市,合肥市,郑州市,南京市,苏州市,哈尔滨市,广州市,深圳市,东莞市,长沙市,福州市,武汉市,济南市,青岛市,杭州市,宁波市,大连市,沈阳市
,,,1950,,,,,,,,,,,,,,,,,,,,,,,,,
,,,1951,,,,,,,,,,,,,,,,,,,,,,,,,
,,,1952,,,,,,,,,,,,,,,,,,,,,,,,,
,,,1953,,,,,,,,,,,,,,,,,,,,,,,,,
,,,1954,,,,,,,,,,,,,,,,,,,,,,,,,
,,,1955,,,,,,,,,,,,,,,,,,,,,,,,,
,,,1956,,,,,,,,,,,,,,,,,,,,,,,,,
,,,1957,,,,,,,,,,,,,,,,,,,,,,,,,
,,,1958,,,,,,,,,,,,,,,,,,,,,,,,,
,,,1959,,,,,,,,,,,,,,,,,,,,,,,,,
,,,1960,,,,,,,,,,,,,,,,,,,,,,,,,
,,,1961,,,,,,,,,,,,,,,,,,,,,,,,,
,,,1962,,,,,,,,,,,,,,,,,,,,,,,,,
,,,1963,,,,,,,,,,,,,,,,,,,,,,,,,
,,,1964,,,,,,,,,,,,,,,,,,,,,,,,,
,,,1965,,,,,,,,,,,,,,,,,,,,,,,,,
,,,1966,,,,,,,,,,,,,,,,,,,,,,,,,
,,,1967,,,,,,,,,,,,,,,,,,,,,,,,,
,,,1968,,,,,,,,,,,,,,,,,,,,,,,,,
,,,1969,,,,,,,,,,,,,,,,,,,,,,,,,
,,,1970,,,,,,,,,,,,,,,,,,,,,,,,,
,,,1971,,,,,,,,,,,,,,,,,,,,,,,,,
,,,1972,,,,,,,,,,,,,,,,,,,,,,,,,
,,,1973,,,,,,,,,,,,,,,,,,,,,,,,,
,,,1974,,,,,,,,,,,,,,,,,,,,,,,,,
,,,1975,,,,,,,,,,,,,,,,,,,,,,,,,
,,,1976,,,,,,,,,,,,,,,,,,,,,,,,,
,,,1977,,,,,,,,,,,,,,,,,,,,,,,,,
,,,1978,,,,,,,,,,,,,,,,,,,,,,,,,
,,,1979,,,,,,,,,,,,,,,,,,,,,,,,,
,,,1980,,,,,,,,,,,,,,,,,,,,,,,,,
,,,1981,,,,,,,,,,,,,,,,,,,,,,,,,
,,,1982,,,,,,,,,,,,,,,,,,,,,,,,,
,,,1983,,,,,,,,,,,,,,,,,,,,,,,,,
,,,1984,,,,,,,,,,,,,,,,,,,,,,,,,
,,,1985,,,,,,,,,,,,,,,,,,,,,,,,,
,,,1986,,,,,,,,,,,,,,,,,,,,,,,,,
,,,1987,,,,,,,,,,,,,,,,,,,,,,,,,
,,,1988,,,,,,,,,,,,,,,,,,,,,,,,,
,,,1989,,,,,,,,,,,,,,,,,,,,,,,,,
,,,1990,,,,,,,,,,,,,,,,,,,,,,,,,
,,,1991,,,,,,,,,,,,,,,,,,,,,,,,,
,,,1992,,,,,,,,,,,,,,,,,,,,,,,,,
,,,1993,,,,,,,,,,,,,,,,,,,,,,,,,
,,,1994,,,,,,,,,,,,,,,,,,,,,,,,,
,,,1995,,,,,,,,,,,,,,,,,,,,,,,,,
,,,1996,,,,,,,,,,,,,,,,,,,,,,,,,
,,,1997,,,,,,,,,,,,,,,,,,,,,,,,,
,,,1998,,,,,,,,,,,,,,,,,,,,,,,,,
,,,1999,,,,,,,,,,,,,,,,,,,,,,,,,
,,,2000,,,,,,,,,,,,,,,,,,,,,,,,,
,,,2001,,,,,,,,,,,,,,,,,,,,,,,,,
,,,2002,,,,,,,,,,,,,,,,,,,,,,,,,
,,,2003,,,,,,,,,,,,,,,,,,,,,,,,,
,,,2004,,,,,,,,,,,,,,,,,,,,,,,,,
,,,2005,,,,,,,,,,,,,,,,,,,,,,,,,
,,,2006,,,,,,,,,,,,,,,,,,,,,,,,,
,,,2007,,,,,,,,,,,,,,,,,,,,,,,,,
,,,2008,,,,,,,,,,,,,,,,,,,,,,,,,
,,,2009,,,,,,,,,,,,,,,,,,,,,,,12,,21
,,,2010,,,,,,,,,,,,,,,,,,,,,,,13,,21
,,,2011,,,,,,,,,11,,,,,,,,,,,,,16,13,,21
,,,2012,,,,,,,,13,9,,,,18,,,,,,,,,15,12,14,21
,,,2013,,,,,,,,13,,,,,6336,,,,,,,,,,,14,21
,,,2014,,,,,,,,,,,15,11,,,,,,,17,,13,,,,
,,,2015,24,25,43,31,12,21,17,,,15,15,11,,13,11,1,12,13,17,11,12,,,,
,,,2016,25,24,43,31,12,22,17,,,15,14,11,,13,11,1,12,13,17,11,12,,,,
,,,2017,23,24,43,32,12,22,16,12,9,15,15,11,18,13,11,1,12,13,17,11,12,14,,13,
,,,2018,23,23,43,29,12,22,17,12,8,17,14,11,18,13,11,1,10,13,2,14,,15,12,13,
,,,2019,23,23,43,29,12,23,16,12,9,17,15,11,17,13,11,1,12,14,,13,12,16,12,13,